{
  "task_id": "SALES_ANALYSIS_001",
  "success": true,
  "result": {
    "summary": "成功完成销售数据分析，包括基本统计、时间维度分析和产品与区域分析",
    "details": {
      "basic_statistics": {
        "total_sales": "¥6,863,952.97",
        "average_order": "¥68,639.53",
        "category_sales_percentage": {
          "Audio": 24.62,
          "Peripherals": 18.02,
          "Storage": 14.55,
          "Components": 12.81,
          "Mobile": 10.97,
          "Accessories": 10.83,
          "Computers": 4.82,
          "Networking": 3.38
        },
        "region_sales_percentage": {
          "South": 25.99,
          "Central": 22.72,
          "East": 19.89,
          "North": 16.29,
          "West": 15.1
        }
      },
      "time_analysis": {
        "monthly_trend": {
          "2023-01": 2003675.610992173,
          "2023-02": 1852294.2024816102,
          "2023-03": 2199587.7356685936,
          "2023-04": 767249.1609105988,
          "2023-08": 41146.25743564506
        },
        "quarterly_trend": {
          "2023Q1": 6055557.5491423765,
          "2023Q2": 767249.1609105988,
          "2023Q3": 41146.25743564506
        },
        "mom_growth": {
          "2023-02": -7.5551854641581535,
          "2023-03": 18.74937214194683,
          "2023-04": -65.11850159605552,
          "2023-08": -94.63717139986035
        },
        "day_of_week_distribution": {
          "周一": 1019080.8507829567,
          "周二": 1356290.805560572,
          "周三": 722076.0198747014,
          "周四": 848718.6886980904,
          "周五": 735894.6474975701,
          "周六": 827470.0755697831,
          "周日": 1354421.879504947
        }
      },
      "product_region_analysis": {
        "top_products": {
          "Printer": "¥1,032,220.22",
          "Headphones": "¥765,279.17",
          "USB Drive": "¥644,509.96",
          "Tablet": "¥531,466.04",
          "Microphone": "¥518,475.42"
        },
        "bottom_products": {
          "CPU": "¥146,103.53",
          "Case": "¥138,686.93",
          "Monitor": "¥103,908.85",
          "Keyboard": "¥103,875.12",
          "RAM": "¥95,625.33"
        },
        "category_by_region": {
          "East": {
            "Accessories": 38.97,
            "Audio": 20.71,
            "Components": 18.97,
            "Computers": 4.92,
            "Mobile": 3.2,
            "Peripherals": 7.39,
            "Storage": 5.83
          },
          "South": {
            "Accessories": 1.96,
            "Audio": 22.85,
            "Components": 4.17,
            "Computers": 8.32,
            "Mobile": 17.0,
            "Networking": 9.61,
            "Peripherals": 12.48,
            "Storage": 23.62
          },
          "West": {
            "Accessories": 10.41,
            "Audio": 43.42,
            "Components": 0.55,
            "Computers": 0.37,
            "Mobile": 5.9,
            "Peripherals": 25.97,
            "Storage": 13.39
          },
          "North": {
            "Accessories": 6.15,
            "Audio": 1.51,
            "Components": 17.57,
            "Computers": 9.96,
            "Mobile": 22.71,
            "Networking": 3.89,
            "Peripherals": 6.14,
            "Storage": 32.07
          },
          "Central": {
            "Audio": 34.14,
            "Components": 22.05,
            "Mobile": 5.81,
            "Networking": 1.1,
            "Peripherals": 36.89
          }
        }
      }
    }
  },
  "artifacts": {
    "visualizations": {
      "category_sales_pie": "output/figures/category_sales_pie.png",
      "region_sales_bar": "output/figures/region_sales_bar.png",
      "monthly_sales_trend": "output/figures/monthly_sales_trend.png",
      "mom_growth_rate": "output/figures/mom_growth_rate.png",
      "day_of_week_sales": "output/figures/day_of_week_sales.png",
      "top_products": "output/figures/top_products.png",
      "region_category_heatmap": "output/figures/region_category_heatmap.png"
    },
    "key_insights": [
      "最畅销产品是 Printer，贡献了显著销售额，应考虑增加库存和促销力度。",
      "销售额最高的区域是 South，应深入研究其成功因素并复制到其他区域。",
      "销售额最低的区域是 West，需要分析原因并采取针对性措施提升销售。",
      "产品类别中，Audio 表现最佳，占总销售额的 24.62%。",
      "最不畅销的产品是 CPU，需要评估是否调整定价或停止销售。",
      "2023-03 销售增长最快，环比增长 18.75%，应分析增长原因。",
      "工作日销售明显高于周末，应重点关注工作日的客户体验和服务。",
      "East 区域最受欢迎的产品类别是 Accessories，占该区域销售的 38.97%。",
      "South 区域最受欢迎的产品类别是 Storage，占该区域销售的 23.62%。",
      "West 区域最受欢迎的产品类别是 Audio，占该区域销售的 43.42%。",
      "North 区域最受欢迎的产品类别是 Storage，占该区域销售的 32.07%。",
      "Central 区域最受欢迎的产品类别是 Peripherals，占该区域销售的 36.89%。"
    ],
    "recommendations": [
      "优化库存管理：增加 Printer 和 Audio 类别的库存，减少 CPU 的库存。",
      "区域策略调整：分析 South 的成功经验，在 West 实施针对性的销售策略。",
      "产品组合优化：根据各区域的产品类别偏好，调整各区域的产品组合和促销策略。",
      "时间营销策略：根据日/周/月销售模式，在销售高峰期增加营销力度，淡季推出特别促销活动。",
      "客户细分：深入分析不同区域、不同时间的客户群体特征，实施精准营销。"
    ]
  },
  "next_steps": [
    "实施推荐的业务优化策略",
    "建立销售预测模型",
    "开展详细的客户细分分析",
    "制定基于分析结果的营销计划"
  ]
}