{
  "task_id": "SALES_ANALYSIS_002",
  "success": true,
  "result": {
    "summary": "成功完成销售数据分析，包括基本统计、时间维度分析和产品与区域分析",
    "details": {
      "basic_statistics": {
        "total_sales": "¥3,160,151.52",
        "average_order": "¥31,601.52",
        "category_sales_percentage": {
          "Tablet": 37.778214368167326,
          "Monitor": 24.3233414141525,
          "Laptop": 21.361102808329196,
          "Keyboard": 9.34179015380659,
          "Phone": 7.195551255544361
        },
        "region_sales_percentage": {
          "North": 38.78136347178819,
          "South": 24.955437397400253,
          "East": 22.362174862183082,
          "West": 13.90102426862847
        }
      },
      "time_analysis": {
        "monthly_trend": {
          "2023-01": 815015.3431357547,
          "2023-02": 637146.484882023,
          "2023-03": 1269107.4956179445,
          "2023-04": 198161.01379655302
        },
        "quarterly_trend": {
          "2023Q1": 2721269.323635722,
          "2023Q2": 198161.01379655302,
          "NaT": 240721.181559965
        },
        "mom_growth": {
          "2023-02": -21.823988928770955,
          "2023-03": 99.18614097870106,
          "2023-04": -84.38579754033634
        },
        "day_of_week_distribution": {
          "周一": 381745.71491183084,
          "周三": 572557.6053114198,
          "周二": 354060.7661446222,
          "周五": 468298.7727437916,
          "周六": 405605.626699328,
          "周四": 325716.96833835193,
          "周日": 411444.88328293065
        }
      },
      "product_region_analysis": {
        "top_products": {
          "Tablet": "¥1,193,848.82",
          "Monitor": "¥768,654.44",
          "Laptop": "¥675,043.21",
          "Keyboard": "¥295,214.72",
          "Phone": "¥227,390.32"
        },
        "bottom_products": {
          "Phone": "¥227,390.32",
          "Keyboard": "¥295,214.72",
          "Laptop": "¥675,043.21",
          "Monitor": "¥768,654.44",
          "Tablet": "¥1,193,848.82"
        },
        "category_by_region": {
          "East": {
            "Keyboard": 15.755425402640173,
            "Laptop": 23.58708743242801,
            "Phone": 8.970559104581891,
            "Tablet": 51.686928060349935
          },
          "North": {
            "Keyboard": 9.178915168927986,
            "Laptop": 22.276212257347964,
            "Monitor": 16.550118810077635,
            "Phone": 10.419821929757449,
            "Tablet": 41.57493183388898
          },
          "South": {
            "Keyboard": 14.513602523960559,
            "Laptop": 35.565523522877506,
            "Monitor": 29.519495586221872,
            "Phone": 3.8180369316811817,
            "Tablet": 16.58334143525887
          },
          "West": {
            "Laptop": 3.8644464701308285,
            "Monitor": 40.89549887889963,
            "Phone": 25.003426760814264,
            "Tablet": 30.236627890155287
          }
        }
      }
    }
  },
  "artifacts": {
    "visualizations": {
      "category_sales_pie": "output/figures/category_sales_pie.png",
      "region_sales_bar": "output/figures/region_sales_bar.png",
      "monthly_sales_trend": "output/figures/monthly_sales_trend.png",
      "mom_growth_rate": "output/figures/mom_growth_rate.png",
      "day_of_week_sales": "output/figures/day_of_week_sales.png",
      "top_products": "output/figures/top_products.png",
      "region_category_heatmap": "output/figures/region_category_heatmap.png"
    },
    "key_insights": [
      "最畅销产品是 Tablet，贡献了显著销售额，应考虑增加库存和促销力度。",
      "销售额最高的区域是 North，应深入研究其成功因素并复制到其他区域。",
      "销售额最低的区域是 West，需要分析原因并采取针对性措施提升销售。",
      "产品类别中，Tablet 表现最佳，占总销售额的 37.78%。",
      "由于样本数据量有限，需要收集更多数据以真实评估产品销售表现。",
      "2023-03 销售增长最快，环比增长 99.19%，应分析增长原因。",
      "周三 销售额最高，应重点关注该日的客户体验和服务。",
      "East 区域最受欢迎的产品类别是 Tablet，占该区域销售的 51.69%。",
      "North 区域最受欢迎的产品类别是 Tablet，占该区域销售的 41.57%。",
      "South 区域最受欢迎的产品类别是 Laptop，占该区域销售的 35.57%。",
      "West 区域最受欢迎的产品类别是 Monitor，占该区域销售的 40.90%。"
    ],
    "recommendations": [
      "优化库存管理：优先考虑 Tablet 和 Monitor 的库存管理，根据区域需求调整配置。",
      "区域策略调整：分析 North 的成功经验，在 West 实施针对性的销售策略。",
      "产品组合优化：根据各区域的产品类别偏好，调整各区域的产品组合和促销策略。",
      "时间营销策略：根据日/周/月销售模式，在销售高峰期增加营销力度，淡季推出特别促销活动。",
      "客户细分：深入分析不同区域、不同时间的客户群体特征，实施精准营销。"
    ]
  },
  "next_steps": [
    "实施推荐的业务优化策略",
    "建立销售预测模型",
    "开展详细的客户细分分析",
    "制定基于分析结果的营销计划"
  ]
}